Serial,Password,Product,GS1
1,W8QAHER7,Iron Align,884400751157
2,ZET4C7RE,Iron Align,884400751157
3,GEP7Y5J4,Iron Align,884400751157
4,P8WAW6R4,Iron Align,884400751157
5,Z2V9V5W2,Iron Align,884400751157
6,N6L8VESE,Iron Align,884400751157
7,D7S3WEL5,Iron Align,884400751157
8,W5R7T9VA,Iron Align,884400751157
9,ROCEXUB9,Iron Align,884400751157
10,W8P5X6Y3,Iron Align,884400751157
11,XOY6V6F4,Iron Align,884400751157
12,B2Z7T4C3,Iron Align,884400751157
13,HUN8T9W9,Iron Align,884400751157
14,QAXUQ8M4,Iron Align,884400751157
15,B3TES5T6,Iron Align,884400751157
16,P6HOR9X6,Iron Align,884400751157
17,F6M2W7S4,Iron Align,884400751157
18,X3DOX3KO,Iron Align,884400751157
19,SAREZ6S7,Iron Align,884400751157
20,ZER7NUWE,Iron Align,884400751157
21,B3B8GUC8,Iron Align,884400751157
22,F5C9FIF7,Iron Align,884400751157
23,L4QAF4Y4,Iron Align,884400751157
24,TOZ7G3P8,Iron Align,884400751157
25,F6WODOWA,Iron Align,884400751157
26,S9K2H4VA,Iron Align,884400751157
27,J9P4H2Q8,Iron Align,884400751157
28,B6G6JEH4,Iron Align,884400751157
29,WOTOQUQE,Iron Align,884400751157
30,GEL5Z3QO,Iron Align,884400751157
31,H3QAX7WA,Iron Align,884400751157
32,L5RER5Y9,Iron Align,884400751157
33,R4K8RAS6,Iron Align,884400751157
34,ZOP5S9DA,Iron Align,884400751157
35,L6LEQ6QI,Iron Align,884400751157
36,Y9Y4TAPI,Iron Align,884400751157
37,P9D6T8KA,Iron Align,884400751157
38,H6Z4Z4B6,Iron Align,884400751157
39,COJ2C7KO,Iron Align,884400751157
40,P8R3N3BO,Iron Align,884400751157
41,QOB8L7HA,Iron Align,884400751157
42,T2C9FUK9,Iron Align,884400751157
43,ZUQ6F6D2,Iron Align,884400751157
44,JAV3G9TA,Iron Align,884400751157
45,T3W9D2BI,Iron Align,884400751157
46,H6K2H6FI,Iron Align,884400751157
47,X6K4H8ZA,Iron Align,884400751157
48,Q3G2NOM6,Iron Align,884400751157
49,LATOQ3ZO,Iron Align,884400751157
50,Z2PACAJ7,Iron Align,884400751157
51,B7Y2ZUP8,Iron Align,884400751157
52,F9Z3T8R7,Iron Align,884400751157
53,L8NOTOLO,Iron Align,884400751157
54,T4XAV3B8,Iron Align,884400751157
55,FAT3S9JA,Iron Align,884400751157
56,SOH9W4MA,Iron Align,884400751157
57,JOMEW2H8,Iron Align,884400751157
58,BAD9CET4,Iron Align,884400751157
59,W4R7FUH7,Iron Align,884400751157
60,N6D4S2M3,Iron Align,884400751157
61,PEN9L2S4,Iron Align,884400751157
62,SOPAKOQI,Iron Align,884400751157
63,YIC7K5P9,Iron Align,884400751157
64,H8M4L4ZO,Iron Align,884400751157
65,SUJAJUH2,Iron Align,884400751157
66,G4W3M5L6,Iron Align,884400751157
67,W4B5M3GO,Iron Align,884400751157
68,PUS3NIX9,Iron Align,884400751157
69,K8GAV2G3,Iron Align,884400751157
70,D7K7FUH6,Iron Align,884400751157
71,FITICUN7,Iron Align,884400751157
72,JUVOBIL6,Iron Align,884400751157
73,POJAB4FI,Iron Align,884400751157
74,X9N7X3V7,Iron Align,884400751157
75,J2POZOC9,Iron Align,884400751157
76,W5C6D4G9,Iron Align,884400751157
77,M5C4D2B7,Iron Align,884400751157
78,F2Y6FES3,Iron Align,884400751157
79,Z9MOMUB6,Iron Align,884400751157
80,W5H6X7TE,Iron Align,884400751157
81,XAMEV7Z8,Iron Align,884400751157
82,BINIT5C7,Iron Align,884400751157
83,HEG9TAW4,Iron Align,884400751157
84,Q7L6Q9M8,Iron Align,884400751157
85,BOHIS6TA,Iron Align,884400751157
86,P3V5RASA,Iron Align,884400751157
87,F3Z7W8S8,Iron Align,884400751157
88,XOW5X4F4,Iron Align,884400751157
89,S7F3Z7NE,Iron Align,884400751157
90,ROR5R7CA,Iron Align,884400751157
91,S5BAPEJE,Iron Align,884400751157
92,W7CEN5L6,Iron Align,884400751157
93,C6Q8JAF3,Iron Align,884400751157
94,L2Z5KOV7,Iron Align,884400751157
95,W8WEH6C9,Iron Align,884400751157
96,KEK4LABO,Iron Align,884400751157
97,ZEP6LIW7,Iron Align,884400751157
98,S8G4R4N3,Iron Align,884400751157
99,N2T2T7WA,Iron Align,884400751157
100,W8P4W5G2,Iron Align,884400751157
101,XOXUM9PO,Iron Align,884400751157
102,B2XED7PO,Iron Align,884400751157
103,HUK8WIG7,Iron Align,884400751157
104,QASAQ2YI,Iron Align,884400751157
105,B3N3GID2,Iron Align,884400751157
106,P6ZUC3F3,Iron Align,884400751157
107,F6DIV5CE,Iron Align,884400751157
108,X3T6TUR8,Iron Align,884400751157
109,SAGOP8XI,Iron Align,884400751157
110,XOY5SUF3,Iron Align,884400751157
111,Y5H6J5N5,Iron Align,884400751157
112,C7H3Z3NU,Iron Align,884400751157
113,J6T9S8K8,Iron Align,884400751157
114,R2C2MEXO,Iron Align,884400751157
115,C8X4C8C3,Iron Align,884400751157
116,QEK6Y3D4,Iron Align,884400751157
117,GEN4RUB3,Iron Align,884400751157
118,Y8DEQUQ9,Iron Align,884400751157
119,T2Q5L4BO,Iron Align,884400751157
120,B2Z6Q8Z2,Iron Align,884400751157
121,C7J7GIJ4,Iron Align,884400751157
122,G9J4XAJO,Iron Align,884400751157
123,M8VAQ2Z7,Iron Align,884400751157
124,V4Y3F5NI,Iron Align,884400751157
125,GAY5Z2X2,Iron Align,884400751157
126,TOL7W6Y3,Iron Align,884400751157
127,KOK5P8W2,Iron Align,884400751157
128,CAFIN4L8,Iron Align,884400751157
129,X4R6JERI,Iron Align,884400751157
130,HUN7P9MI,Iron Align,884400751157
131,J6W4FOVU,Iron Align,884400751157
132,M8WUWEVA,Iron Align,884400751157
133,S7NEK3R4,Iron Align,884400751157
134,B3R4D6F9,Iron Align,884400751157
135,M9M6Y3KI,Iron Align,884400751157
136,ZIY4Q7LO,Iron Align,884400751157
137,QIC2N9JI,Iron Align,884400751157
138,J9XOH5X5,Iron Align,884400751157
139,D3F3HIJ9,Iron Align,884400751157
140,QAXOK4V7,Iron Align,884400751157
141,R2GUZ8D5,Iron Align,884400751157
142,V4BER6D5,Iron Align,884400751157
143,B3S8KEVI,Iron Align,884400751157
144,KIWADUJ4,Iron Align,884400751157
145,V5W3TES7,Iron Align,884400751157
146,J8JUQ6T8,Iron Align,884400751157
147,Y8HIN8R3,Iron Align,884400751157
148,R5C6H4GO,Iron Align,884400751157
149,MIKOC7M4,Iron Align,884400751157
150,B3TALAVO,Iron Align,884400751157
151,C8C7BUDE,Iron Align,884400751157
152,GAC4SID7,Iron Align,884400751157
153,M9PUL4Z5,Iron Align,884400751157
154,V5X7Z7NA,Iron Align,884400751157
155,GES9V4SO,Iron Align,884400751157
156,TUF7R8TA,Iron Align,884400751157
157,KUJ5KAR9,Iron Align,884400751157
158,CEYIJ6G2,Iron Align,884400751157
159,X5L6DORA,Iron Align,884400751157
160,P6HIJARO,Iron Align,884400751157
161,QEQOYUZ2,Iron Align,884400751157
162,TOQAQIZE,Iron Align,884400751157
163,ZIC3J4R5,Iron Align,884400751157
164,J8L9C7FA,Iron Align,884400751157
165,TUGES4PO,Iron Align,884400751157
166,H4SOP8QU,Iron Align,884400751157
167,X4WEMAN9,Iron Align,884400751157
168,QUM5G6C6,Iron Align,884400751157
169,L8YIBOJA,Iron Align,884400751157
170,F6MUM4FE,Iron Align,884400751157
171,GEV2C8NO,Iron Align,884400751157
172,KOQIT6N9,Iron Align,884400751157
173,QIH5M2K3,Iron Align,884400751157
174,Y8LEBUX8,Iron Align,884400751157
175,KULOWECE,Iron Align,884400751157
176,X4X2S6DI,Iron Align,884400751157
177,N4WOL8BE,Iron Align,884400751157
178,GUR7F4Q4,Iron Align,884400751157
179,B8YUF7BI,Iron Align,884400751157
180,X3DIM9PE,Iron Align,884400751157
181,Y8MOCOX9,Iron Align,884400751157
182,CAMATEX5,Iron Align,884400751157
183,J9D7M3P3,Iron Align,884400751157
184,R5H9G6C8,Iron Align,884400751157
185,CECEW3ME,Iron Align,884400751157
186,QUPOS7N8,Iron Align,884400751157
187,GUSEL9L7,Iron Align,884400751157
188,YEN5K5Z4,Iron Align,884400751157
189,T5VIFIG8,Iron Align,884400751157
190,SARAN8Q5,Iron Align,884400751157
191,T2ZEDIY3,Iron Align,884400751157
192,X4Z8VAY3,Iron Align,884400751157
193,D3MUN2VA,Iron Align,884400751157
194,MIQ7H5J2,Iron Align,884400751157
195,X5Q9C2N5,Iron Align,884400751157
196,L8CET6P2,Iron Align,884400751157
197,B8B9R8MU,Iron Align,884400751157
198,T5W3L4BE,Iron Align,884400751157
199,PIJ6GEM2,Iron Align,884400751157
200,ZER5LIQ5,Iron Align,884400751157
201,B3Z2W3Y3,Iron Align,884400751157
202,F5ZINUY3,Iron Align,884400751157
203,L4M9G6QA,Iron Align,884400751157
204,TOV2Z9J2,Iron Align,884400751157
205,F6Q4V6N5,Iron Align,884400751157
206,S9C2MAP2,Iron Align,884400751157
207,J9GOKIMU,Iron Align,884400751157
208,B6WED8BE,Iron Align,884400751157
209,WOJUD2H2,Iron Align,884400751157
210,B3B6C8P6,Iron Align,884400751157
211,C8K7SIX4,Iron Align,884400751157
212,GAK4KAX4,Iron Align,884400751157
213,M9WUC2TE,Iron Align,884400751157
214,V5Z3W5H3,Iron Align,884400751157
215,GEZ5M2M6,Iron Align,884400751157
216,TUM7JAN7,Iron Align,884400751157
217,KUL5G8L2,Iron Align,884400751157
218,CEGIZ8ZI,Iron Align,884400751157
219,X5S6VEL3,Iron Align,884400751157
220,F5C7Z2K5,Iron Align,884400751157
221,GAL8Q6S3,Iron Align,884400751157
222,KIG5H4S3,Iron Align,884400751157
223,QEX2Z9KA,Iron Align,884400751157
224,Y7B4TIX2,Iron Align,884400751157
225,KOWAK9H5,Iron Align,884400751157
226,X3J8GOJ6,Iron Align,884400751157
227,N3M6Y2GU,Iron Align,884400751157
228,GOHOXEVE,Iron Align,884400751157
229,B7P7S5B2,Iron Align,884400751157
230,L4Q8Y3W2,Iron Align,884400751157
231,M9Y9P7FO,Iron Align,884400751157
232,QEY6G5FO,Iron Align,884400751157
233,WALIYAB7,Iron Align,884400751157
234,F6T5NOPI,Iron Align,884400751157
235,QIP7JAT2,Iron Align,884400751157
236,D2B5FUV3,Iron Align,884400751157
237,T2F3X3SE,Iron Align,884400751157
238,MIVUWIH8,Iron Align,884400751157
239,H6H4R6SI,Iron Align,884400751157
240,TOZ5YEFA,Iron Align,884400751157
241,V5D2P2N8,Iron Align,884400751157
242,Y7DIBON4,Iron Align,884400751157
243,F6V9T9F2,Iron Align,884400751157
244,N2Y2N8S7,Iron Align,884400751157
245,Y8T4J5CA,Iron Align,884400751157
246,MEG2ZOD7,Iron Align,884400751157
247,CEKOX2B6,Iron Align,884400751157
248,V8F7REQ3,Iron Align,884400751157
249,Q2MURUW7,Iron Align,884400751157
250,F6WEV4FI,Iron Align,884400751157
251,GEF8L8NU,Iron Align,884400751157
252,KOZ9C6NA,Iron Align,884400751157
253,QIR2VEK4,Iron Align,884400751157
254,Y8V8PUX9,Iron Align,884400751157
255,KUQAFECI,Iron Align,884400751157
256,X4C8B2DO,Iron Align,884400751157
257,N4G6T4BI,Iron Align,884400751157
258,GUB4SOQ5,Iron Align,884400751157
259,B8J7N7BO,Iron Align,884400751157
260,S9KOX4B3,Iron Align,884400751157
261,TUSUN8KU,Iron Align,884400751157
262,X3NEZ6KU,Iron Align,884400751157
263,D2F4SEB8,Iron Align,884400751157
264,MEJAMUPO,Iron Align,884400751157
265,X4DIHEY3,Iron Align,884400751157
266,L7QUY2Z4,Iron Align,884400751157
267,B7TIW4XI,Iron Align,884400751157
268,T4P6QOM9,Iron Align,884400751157
269,PEWOQ7SO,Iron Align,884400751157
270,J9P2WEPU,Iron Align,884400751157
271,KUS3M2X3,Iron Align,884400751157
272,N3SODOXI,Iron Align,884400751157
273,T2K6W9T6,Iron Align,884400751157
274,CENIL8HE,Iron Align,884400751157
275,N4JUG5MU,Iron Align,884400751157
276,B7V3CON2,Iron Align,884400751157
277,R7YUV2LU,Iron Align,884400751157
278,K4T8TEZ7,Iron Align,884400751157
279,FEB2PULE,Iron Align,884400751157
280,B6G4W3YA,Iron Align,884400751157
281,CEPUM7HI,Iron Align,884400751157
282,GOPED5H8,Iron Align,884400751157
283,MIB8WAY2,Iron Align,884400751157
284,V8KAQOM7,Iron Align,884400751157
285,GUF3GAWA,Iron Align,884400751157
286,T4RUC5XE,Iron Align,884400751157
287,K4VIZ3VA,Iron Align,884400751157
288,CUL6TIK3,Iron Align,884400751157
289,X8XOP6QE,Iron Align,884400751157
290,WOTEC2Z4,Iron Align,884400751157
291,X5CIS6J6,Iron Align,884400751157
292,B7X9K4J2,Iron Align,884400751157
293,H6P2X9F9,Iron Align,884400751157
294,Q2S8RISU,Iron Align,884400751157
295,B8NAM9X4,Iron Align,884400751157
296,PEZID4Y5,Iron Align,884400751157
297,FEDAB2W4,Iron Align,884400751157
298,X8Y4VELA,Iron Align,884400751157
299,S2GEV5W5,Iron Align,884400751157
300,GEL2WOW2,Iron Align,884400751157
301,H3P3M4Z4,Iron Align,884400751157
302,L5POY2ZO,Iron Align,884400751157
303,R4G6R7W7,Iron Align,884400751157
304,ZOKILAKI,Iron Align,884400751157
305,L6FUG7T2,Iron Align,884400751157
306,Y9R3X2V3,Iron Align,884400751157
307,P9VUV4N2,Iron Align,884400751157
308,H6Q8POC8,Iron Align,884400751157
309,COX2P3N3,Iron Align,884400751157
310,H3Q7SOV3,Iron Align,884400751157
311,J8Y8DOY5,Iron Align,884400751157
312,MAY5VEDU,Iron Align,884400751157
313,S9QEN7V8,Iron Align,884400751157
314,B5T4HAJ4,Iron Align,884400751157
315,MEP6C7S3,Iron Align,884400751157
316,ZUB8TET4,Iron Align,884400751157
317,QUF2ROM3,Iron Align,884400751157
318,JEZOL9G9,Iron Align,884400751157
319,D5H3LIM4,Iron Align,884400751157
320,L5R8L3Q6,Iron Align,884400751157
321,MAZ9B7T4,Iron Align,884400751157
322,QIZ6S5TO,Iron Align,884400751157
323,WEMILUQE,Iron Align,884400751157
324,F7V5FOD3,Iron Align,884400751157
325,QOQ7VAN2,Iron Align,884400751157
326,D3C9R5P3,Iron Align,884400751157
327,T3G3K7H2,Iron Align,884400751157
328,MOWUJ3W8,Iron Align,884400751157
329,H7J4D6H3,Iron Align,884400751157
330,R4K5K4CI,Iron Align,884400751157
331,S9S6Z8GU,Iron Align,884400751157
332,WEN3R6LA,Iron Align,884400751157
333,CAFOK2C4,Iron Align,884400751157
334,L6J2YUQ9,Iron Align,884400751157
335,WID4TEZI,Iron Align,884400751157
336,K2Q6Q6BO,Iron Align,884400751157
337,Z2T4J8TI,Iron Align,884400751157
338,SIPEH4N5,Iron Align,884400751157
339,N6W5C7TO,Iron Align,884400751157
340,ZOP2K3L7,Iron Align,884400751157
341,B5X3Z3P9,Iron Align,884400751157
342,F7XORUP5,Iron Align,884400751157
343,L6K6FALI,Iron Align,884400751157
344,T2SIYOY4,Iron Align,884400751157
345,F8NUTAD7,Iron Align,884400751157
346,SEZ3LUK8,Iron Align,884400751157
347,JEDUJ3C7,Iron Align,884400751157
348,B8T8CIRO,Iron Align,884400751157
349,W2G2C2C4,Iron Align,884400751157
350,L6L8G5LO,Iron Align,884400751157
351,MET9W9PE,Iron Align,884400751157
352,QOT6N7PE,Iron Align,884400751157
353,WIGIG3L5,Iron Align,884400751157
354,F8P5Z2YA,Iron Align,884400751157
355,QUK7QIJO,Iron Align,884400751157
356,D4W9M7KU,Iron Align,884400751157
357,T4Z7F9C9,Iron Align,884400751157
358,MUQUD5R6,Iron Align,884400751157
359,H8C8Y8CA,Iron Align,884400751157
360,Y9YUJ5HO,Iron Align,884400751157
361,ZUH2Y9L2,Iron Align,884400751157
362,D3HIQ7LE,Iron Align,884400751157
363,K2T5D3H5,Iron Align,884400751157
364,SECEX2VA,Iron Align,884400751157
365,D4XOSIZO,Iron Align,884400751157
366,R7KEK7GU,Iron Align,884400751157
367,H7N9H9YO,Iron Align,884400751157
368,Z4D7B5N6,Iron Align,884400751157
369,VEQAB8YU,Iron Align,884400751157
370,P9D3H3V2,Iron Align,884400751157
371,QUMOX3YO,Iron Align,884400751157
372,T3MAP5YO,Iron Align,884400751157
373,Z2Y7HAV7,Iron Align,884400751157
374,JEHOBOJI,Iron Align,884400751157
375,T4C2RAS2,Iron Align,884400751157
376,H7PONUTI,Iron Align,884400751157
377,X7SEG3ME,Iron Align,884400751157
378,Q4J9FIB8,Iron Align,884400751157
379,LEVIZ2MI,Iron Align,884400751157
380,H6ZUM4FE,Iron Align,884400751157
381,JEJ2C8J9,Iron Align,884400751157
382,MODIP6J9,Iron Align,884400751157
383,SIV5H2F3,Iron Align,884400751157
384,B8YEBUS8,Iron Align,884400751157
385,MUTOWEXE,Iron Align,884400751157
386,Z4G2N6DI,Iron Align,884400751157
387,Q4KOL8W7,Iron Align,884400751157
388,JUF7F4L4,Iron Align,884400751157
389,D8MAF7W8,Iron Align,884400751157
390,COJIN3G5,Iron Align,884400751157
391,D5R9D7K3,Iron Align,884400751157
392,H7R6V5K3,Iron Align,884400751157
393,N6D3JUGA,Iron Align,884400751157
394,W2M9COT2,Iron Align,884400751157
395,H8HEXAD5,Iron Align,884400751157
396,VET9P5F6,Iron Align,884400751157
397,LEX7M7XU,Iron Align,884400751157
398,D8NUG3ME,Iron Align,884400751157
399,Y2Z8G6X2,Iron Align,884400751157
400,P8RIJITU,Iron Align,884400751157
401,QOZOY3XI,Iron Align,884400751157
402,T2ZAQUXI,Iron Align,884400751157
403,ZUM3D6T6,Iron Align,884400751157
404,JAQ9X9HE,Iron Align,884400751157
405,T3QES6RU,Iron Align,884400751157
406,H6COKASE,Iron Align,884400751157
407,X6BEHILA,Iron Align,884400751157
408,Q3W5B8Z7,Iron Align,884400751157
409,LAJIB2LE,Iron Align,884400751157
410,QOB4F8S2,Iron Align,884400751157
411,R5KUVIBO,Iron Align,884400751157
412,V7F2HABO,Iron Align,884400751157
413,B6W8Z6S7,Iron Align,884400751157
414,K2ZUT5GI,Iron Align,884400751157
415,V8Z3P2Q2,Iron Align,884400751157
416,JEMUGAR3,Iron Align,884400751157
417,YELIDIPE,Iron Align,884400751157
418,R8GAX8D8,Iron Align,884400751157
419,M2NOXEKI,Iron Align,884400751157
420,T2C5X2NU,Iron Align,884400751157
421,V7G6N6RI,Iron Align,884400751157
422,Y9G3F4RI,Iron Align,884400751157
423,F8X9X9N6,Iron Align,884400751157
424,N4B2RIBE,Iron Align,884400751157
425,YAW4H9LU,Iron Align,884400751157
426,MOJ2DOM2,Iron Align,884400751157
427,COMOB2FA,Iron Align,884400751157
428,VAHEVET7,Iron Align,884400751157
429,Q4PUQ5FE,Iron Align,884400751157
430,ZUQ2W3ZE,Iron Align,884400751157
431,B6Y3M7D9,Iron Align,884400751157
432,F8YOD5J9,Iron Align,884400751157
433,L7L6WAZ3,Iron Align,884400751157
434,T3TILON8,Iron Align,884400751157
435,F9PUGAXE,Iron Align,884400751157
436,SIB3C5YI,Iron Align,884400751157
437,JIFUV3R7,Iron Align,884400751157
438,B9V8TIL4,Iron Align,884400751157
439,W3H2P6R8,Iron Align,884400751157
440,JAVIWEJ6,Iron Align,884400751157
441,K2DOM2M4,Iron Align,884400751157
442,N4DADOMO,Iron Align,884400751157
443,T3V3R9JE,Iron Align,884400751157
444,CIY9L8W3,Iron Align,884400751157
445,N5TEG5B6,Iron Align,884400751157
446,B8GOXOH3,Iron Align,884400751157
447,R8KEV2Z2,Iron Align,884400751157
448,K5F5PEPI,Iron Align,884400751157
449,FIM8PUZ3,Iron Align,884400751157
450,T3W5S4J8,Iron Align,884400751157
451,V8F6J8MA,Iron Align,884400751157
452,YAZ3Z6M6,Iron Align,884400751157
453,F9R9SEJO,Iron Align,884400751157
454,N5V2MUW5,Iron Align,884400751157
455,YEQ4CEG8,Iron Align,884400751157
456,MUC6Y6H9,Iron Align,884400751157
457,CUG4R4Z8,Iron Align,884400751157
458,VEBEQOTU,Iron Align,884400751157
459,Q5J5L7Z9,Iron Align,884400751157
460,H6KEV4FI,Iron Align,884400751157
461,JES8L8JA,Iron Align,884400751157
462,MON5C6JA,Iron Align,884400751157
463,SIF2QEF4,Iron Align,884400751157
464,B8J8KUS9,Iron Align,884400751157
465,MUDAFEXI,Iron Align,884400751157
466,Z4Q8W6DO,Iron Align,884400751157
467,Q4T6T4W8,Iron Align,884400751157
468,JUP4NOL5,Iron Align,884400751157
469,D8W7N7W9,Iron Align,884400751157
470,X6KOTESA,Iron Align,884400751157
471,YESAK2WI,Iron Align,884400751157
472,COS7BOW8,Iron Align,884400751157
473,JIK4T9S2,Iron Align,884400751157
474,R8NAN8G7,Iron Align,884400751157
475,CUJID5QA,Iron Align,884400751157
476,Q4VAZORE,Iron Align,884400751157
477,G4Y8S2KA,Iron Align,884400751157
478,YUT2REY3,Iron Align,884400751157
479,T8B9MUK7,Iron Align,884400751157
480,Q3GEY3C6,Iron Align,884400751157
481,R8PIP7G8,Iron Align,884400751157
482,VAP9B5G4,Iron Align,884400751157
483,B9B2TACE,Iron Align,884400751157
484,K5K8NOQ3,Iron Align,884400751157
485,VEFAJAV6,Iron Align,884400751157
486,JURIZ5B7,Iron Align,884400751157
487,YUV6X3T6,Iron Align,884400751157
488,REL4RIJI,Iron Align,884400751157
489,M5X7R6T7,Iron Align,884400751157
490,LAT9Z2DO,Iron Align,884400751157
491,M2X6Q6H2,Iron Align,884400751157
492,Q4X3H4HE,Iron Align,884400751157
493,W3POZ9D5,Iron Align,884400751157
494,FIS2PIRU,Iron Align,884400751157
495,Q5N8K9BO,Iron Align,884400751157
496,D8Z6G4CU,Iron Align,884400751157
497,T8D4Y2VO,Iron Align,884400751157
498,M5YEXEK6,Iron Align,884400751157
499,HIG5S5VU,Iron Align,884400751157
500,Z2P5W5J7,Iron Align,884400751157
501,B7X6M9R9,Iron Align,884400751157
502,F9X3D7R5,Iron Align,884400751157
503,L8K9RIJI,Iron Align,884400751157
504,T4S2L2B4,Iron Align,884400751157
505,FAN4GIG7,Iron Align,884400751157
506,SOZ6X3H8,Iron Align,884400751157
507,JOD4V5F3,Iron Align,884400751157
508,BATEPUTO,Iron Align,884400751157
509,W4G5P8F4,Iron Align,884400751157
510,B7YASUH8,Iron Align,884400751157
511,CIHEJ5QA,Iron Align,884400751157
512,GUH8V3Q6,Iron Align,884400751157
513,MOTUNIMO,Iron Align,884400751157
514,V9C7HEZ5,Iron Align,884400751157
515,G2X9C8F8,Iron Align,884400751157
516,T5KET3G9,Iron Align,884400751157
517,K5N9R5D8,Iron Align,884400751157
518,C2D3LUSU,Iron Align,884400751157
519,X9Q6L4D5,Iron Align,884400751157
520,F9ZEL8C7,Iron Align,884400751157
521,GUJIBIL9,Iron Align,884400751157
522,K3D9SAL5,Iron Align,884400751157
523,Q2V2L2CI,Iron Align,884400751157
524,YEY8F5Q4,Iron Align,884400751157
525,K4TAV2Z7,Iron Align,884400751157
526,X7GIRAB8,Iron Align,884400751157
527,N7KAP8Y7,Iron Align,884400751157
528,G4F4J4NO,Iron Align,884400751157
529,BEMEDET8,Iron Align,884400751157
530,L8N8K9P4,Iron Align,884400751157
531,MOW9ZOX6,Iron Align,884400751157
532,Q2W6REX2,Iron Align,884400751157
533,WUJ3K3T9,Iron Align,884400751157
534,FAR5Y6HU,Iron Align,884400751157
535,Q3MET3M4,Iron Align,884400751157
536,D6Y9QEN5,Iron Align,884400751157
537,T6C7J9L4,Iron Align,884400751157
538,M3SUH5ZA,Iron Align,884400751157
539,HAF8CILU,Iron Align,884400751157
540,T4X5K4XI,Iron Align,884400751157
541,V9G6Z8GA,Iron Align,884400751157
542,YEB3R6GA,Iron Align,884400751157
543,FAS9F2X4,Iron Align,884400751157
544,N6W2YUL9,Iron Align,884400751157
545,YIR4TEVI,Iron Align,884400751157
546,M2D6L6WO,Iron Align,884400751157
547,C2H4J8T8,Iron Align,884400751157
548,VICEC4J5,Iron Align,884400751157
549,Q6K5C7P9,Iron Align,884400751157
550,FATEGAX5,Iron Align,884400751157
551,G2CIWUG3,Iron Align,884400751157
552,K4X9NIGI,Iron Align,884400751157
553,Q3P6G4CA,Iron Align,884400751157
554,YIS8Z7Q2,Iron Align,884400751157
555,K5SUQ4V5,Iron Align,884400751157
556,X8FIMIW2,Iron Align,884400751157
557,N8DAFATU,Iron Align,884400751157
558,G5Y4D6JE,Iron Align,884400751157
559,BIGEYOT2,Iron Align,884400751157
560,SOH4JAT5,Iron Align,884400751157
561,T5Q5YUC7,Iron Align,884400751157
562,X7L2QIC3,Iron Align,884400751157
563,D6C8D4TA,Iron Align,884400751157
564,M2GUX7H2,Iron Align,884400751157
565,X8G3S4R5,Iron Align,884400751157
566,LES5KIS6,Iron Align,884400751157
567,BER3HAQ5,Iron Align,884400751157
568,T8MAB6FE,Iron Align,884400751157
569,P2TOBOL2,Iron Align,884400751157
570,JOM6H4H3,Iron Align,884400751157
571,K5V7X8Q5,Iron Align,884400751157
572,N7Q4P6QU,Iron Align,884400751157
573,T6HAH2M8,Iron Align,884400751157
574,C2L3BUZ4,Iron Align,884400751157
575,N8G5R2F3,Iron Align,884400751157
576,BES7N6G4,Iron Align,884400751157
577,REWUG8D3,Iron Align,884400751157
578,K8RIF4S9,Iron Align,884400751157
579,F2Y2Z7D4,Iron Align,884400751157
580,BAD4M9R3,Iron Align,884400751157
581,C2M5COZU,Iron Align,884400751157
582,G4M2PEZU,Iron Align,884400751157
583,M3Y8H3R8,Iron Align,884400751157
584,VIHUB6FO,Iron Align,884400751157
585,G5C3W3P3,Iron Align,884400751157
586,T8P5NEQO,Iron Align,884400751157
587,K8S3L9NI,Iron Align,884400751157
588,C5NAF5C9,Iron Align,884400751157
589,XIV4FIJO,Iron Align,884400751157
590,W4R2N8SA,Iron Align,884400751157
591,X9ZIDIB8,Iron Align,884400751157
592,BEVOVAB8,Iron Align,884400751157
593,HAM6N2X2,Iron Align,884400751157
594,Q6QIC5L7,Iron Align,884400751157
595,BILUX2QA,Iron Align,884400751157
596,P2XITARE,Iron Align,884400751157
597,F2BAM8P6,Iron Align,884400751157
598,XIW8G4D3,Iron Align,884400751157
599,S6DEGEP7,Iron Align,884400751157
600,N6DEL5TE,Iron Align,884400751157
601,PEMIB9CO,Iron Align,884400751157
602,SOM9N7C9,Iron Align,884400751157
603,YIY2G3T3,Iron Align,884400751157
604,H8H8Z2M8,Iron Align,884400751157
605,SUCAVIRE,Iron Align,884400751157
606,G4PIM7SI,Iron Align,884400751157
607,W4SAK9QE,Iron Align,884400751157
608,PUJ4D5F4,Iron Align,884400751157
609,K8V7D8Q8,Iron Align,884400751157
610,PEN3C5SI,Iron Align,884400751157
611,Q3WOS5BU,Iron Align,884400751157
612,T5WAK7BA,Iron Align,884400751157
613,Z4J7CIX4,Iron Align,884400751157
614,JOROW2L9,Iron Align,884400751157
615,T6M2RIQI,Iron Align,884400751157
616,H9YOJ3RO,Iron Align,884400751157
617,X9CEG5PI,Iron Align,884400751157
618,Q6S5ZUD5,Iron Align,884400751157
619,LOFIV4PO,Iron Align,884400751157
620,SOP4Z8NE,Iron Align,884400751157
621,T5XUQIWO,Iron Align,884400751157
622,X7SEHAW9,Iron Align,884400751157
623,D6K8Z6N3,Iron Align,884400751157
624,M2NUT5BI,Iron Align,884400751157
625,X8J3K2LE,Iron Align,884400751157
626,LEVUGAMI,Iron Align,884400751157
627,BEYIYIKE,Iron Align,884400751157
628,T8TAX8Y4,Iron Align,884400751157
629,P2BOSEFI,Iron Align,884400751157
630,YICUY9Z8,Iron Align,884400751157
631,Z4L2POJA,Iron Align,884400751157
632,D6LIGEJ6,Iron Align,884400751157
633,K5X5Y7FO,Iron Align,884400751157
634,SUGEN6S5,Iron Align,884400751157
635,D7BOJ3X8,Iron Align,884400751157
636,RAN2FEY9,Iron Align,884400751157
637,HAROXOW8,Iron Align,884400751157
638,Z7H7W9LU,Iron Align,884400751157
639,VUTURIW9,Iron Align,884400751157
640,H8MEY8J3,Iron Align,884400751157
641,JOVIP8R5,Iron Align,884400751157
642,M2Q9BARU,Iron Align,884400751157
643,SUH2T2J8,Iron Align,884400751157
644,BAL8N5WO,Iron Align,884400751157
645,M3GAJ2G3,Iron Align,884400751157
646,Z6SIZ6H4,Iron Align,884400751157
647,Q6W6X8F3,Iron Align,884400751157
648,J3R4R4T9,Iron Align,884400751157
649,DAY7REZO,Iron Align,884400751157
650,SUJ4VAJ9,Iron Align,884400751157
651,T6R5LUR7,Iron Align,884400751157
652,X8M2CIR7,Iron Align,884400751157
653,D7D8V8NU,Iron Align,884400751157
654,M3HUP7B6,Iron Align,884400751157
655,X9H3F8G9,Iron Align,884400751157
656,LIT5BIHA,Iron Align,884400751157
657,BIS3TUF5,Iron Align,884400751157
658,T9NASAT2,Iron Align,884400751157
659,P3V4NOF6,Iron Align,884400751157
660,G4WAXAF9,Iron Align,884400751157
661,H9F7NUNE,Iron Align,884400751157
662,LEZ4FIN7,Iron Align,884400751157
663,RARUS8FU,Iron Align,884400751157
664,Z6V7M7S6,Iron Align,884400751157
665,LIV9H8C9,Iron Align,884400751157
666,Y2H7YIDA,Iron Align,884400751157
667,P2G5WUB9,Iron Align,884400751157
668,HIBIQAQ2,Iron Align,884400751157
669,C6N6QOWA,Iron Align,884400751157
670,W4BIW8SE,Iron Align,884400751157
671,X9K9MIB9,Iron Align,884400751157
672,BEF6DAB5,Iron Align,884400751157
673,HAW3W2X3,Iron Align,884400751157
674,Q6Z5Q5L8,Iron Align,884400751157
675,BIVEG2QE,Iron Align,884400751157
676,P2H9C6R8,Iron Align,884400751157
677,F2L7V8P7,Iron Align,884400751157
678,XIGUT4D4,Iron Align,884400751157
679,S6N8PEP8,Iron Align,884400751157
680,PUSAW9C7,Iron Align,884400751157
681,Q6B7MOL5,Iron Align,884400751157
682,T8B8DEL5,Iron Align,884400751157
683,Z7NUW7CI,Iron Align,884400751157
684,J3W7Q6Q4,Iron Align,884400751157
685,T9R9L7Z7,Iron Align,884400751157
686,HID7CEB8,Iron Align,884400751157
687,XIH5ZOY3,Iron Align,884400751157
688,Q9C3T9NO,Iron Align,884400751157
689,L3K6PIT4,Iron Align,884400751157
690,K8G4C8DU,Iron Align,884400751157
691,LOP5SIMI,Iron Align,884400751157
692,P2K2KAMI,Iron Align,884400751157
693,VUBIX6J6,Iron Align,884400751157
694,DAFUR5WE,Iron Align,884400751157
695,P3Z7M6BU,Iron Align,884400751157
696,C6R5DAC2,Iron Align,884400751157
697,S6Q3BIZA,Iron Align,884400751157
698,L3LAV8P7,Iron Align,884400751157
699,GAS4VEZE,Iron Align,884400751157
700,D7KOW3BO,Iron Align,884400751157
701,FISUM7F2,Iron Align,884400751157
702,JUSED5FE,Iron Align,884400751157
703,POF4WAB5,Iron Align,884400751157
704,X9JAQOPA,Iron Align,884400751157
705,J2JIGAYO,Iron Align,884400751157
706,W5VUC5ZU,Iron Align,884400751157
707,M5T8Z3SO,Iron Align,884400751157
708,F2P6TIH6,Iron Align,884400751157
709,Z9B9P6SU,Iron Align,884400751157
710,FIT5SIZU,Iron Align,884400751157
711,G4C2J3J3,Iron Align,884400751157
712,K6XIZUJI,Iron Align,884400751157
713,Q5P9SAZ6,Iron Align,884400751157
714,YUS2M9N2,Iron Align,884400751157
715,K7S4C6XU,Iron Align,884400751157
716,XAF2YUY2,Iron Align,884400751157
717,NADOR3WU,Iron Align,884400751157
718,G7Y7QIL7,Iron Align,884400751157
719,BUGUL2R2,Iron Align,884400751157
720,JUV6Q6V4,Iron Align,884400751157
721,K6Y3GAY2,Iron Align,884400751157
722,N8YOX8YE,Iron Align,884400751157
723,T7QAQOV5,Iron Align,884400751157
724,C3T3F3JU,Iron Align,884400751157
725,N9P5ZOSO,Iron Align,884400751157
726,BIB3W8TU,Iron Align,884400751157
727,RIFUP6MO,Iron Align,884400751157
728,K9ZIN2B6,Iron Align,884400751157
729,F3H2J9MU,Iron Align,884400751157
730,POJ3P7HA,Iron Align,884400751157
731,Q5R4FELI,Iron Align,884400751157
732,T7RUW9Q8,Iron Align,884400751157
733,Z6D7KUH2,Iron Align,884400751157
734,J2MOD4V7,Iron Align,884400751157
735,T8H2YUFA,Iron Align,884400751157
736,HET4Q9GE,Iron Align,884400751157
737,XEX2N7YA,Iron Align,884400751157
738,Q8N9H3S3,Iron Align,884400751157
739,L2Z3HAYE,Iron Align,884400751157
740,X9NOK2Q5,Iron Align,884400751157
741,YUWUZ6T7,Iron Align,884400751157
742,C3WER4T3,Iron Align,884400751157
743,J2N4KOQA,Iron Align,884400751157
744,RERADID2,Iron Align,884400751157
745,C4MIYON5,Iron Align,884400751157
746,Q7YUQ4P6,Iron Align,884400751157
747,G7C8N6H5,Iron Align,884400751157
748,Y4X6H2WE,Iron Align,884400751157
749,TEF9C5H2,Iron Align,884400751157
750,J2P6L8QE,Iron Align,884400751157
751,K7X7BIT9,Iron Align,884400751157
752,N9S4SAY9,Iron Align,884400751157
753,T8KAL2Q3,Iron Align,884400751157
754,C4N3Z5D8,Iron Align,884400751157
755,NAJ5V2NE,Iron Align,884400751157
756,BOV7RAPI,Iron Align,884400751157
757,ROY5K8H7,Iron Align,884400751157
758,KATIJ4B4,Iron Align,884400751157
759,F4B6DEH8,Iron Align,884400751157
760,W5CIN8ME,Iron Align,884400751157
761,XAL9DIQO,Iron Align,884400751157
762,BIG6QAQ9,Iron Align,884400751157
763,HEX3J2M3,Iron Align,884400751157
764,Q7B9C5Z8,Iron Align,884400751157
765,BOWEX2KE,Iron Align,884400751157
766,P3J9PALI,Iron Align,884400751157
767,F3M7M8DE,Iron Align,884400751157
768,XOHUG8S4,Iron Align,884400751157
769,S7P8GEDI,Iron Align,884400751157
770,M5CAM2ZO,Iron Align,884400751157
771,NALEC6DE,Iron Align,884400751157
772,RIL8T4J7,Iron Align,884400751157
773,XEC5MOZ5,Iron Align,884400751157
774,G7G7BINA,Iron Align,884400751157
775,ROBOWOXO,Iron Align,884400751157
776,F3NES4YA,Iron Align,884400751157
777,V3R9L6R9,Iron Align,884400751157
778,NOM3K2L6,Iron Align,884400751157
779,J7TAF5RA,Iron Align,884400751157
780,F2YIM7K9,Iron Align,884400751157
781,G7H9CEN7,Iron Align,884400751157
782,K9HAT9N7,Iron Align,884400751157
783,Q8T3MUKU,Iron Align,884400751157
784,Y4C9G4X6,Iron Align,884400751157
785,KAXEWUH9,Iron Align,884400751157
786,XOK9S9JA,Iron Align,884400751157
787,NON7Q7B5,Iron Align,884400751157
788,GAD5K7Q2,Iron Align,884400751157
789,B4Q8FAB6,Iron Align,884400751157
790,Z9M6S6L3,Iron Align,884400751157
791,BUQ7JAPU,Iron Align,884400751157
792,F3Q4V8TU,Iron Align,884400751157
793,L2HUNOL8,Iron Align,884400751157
794,TEL3H3YO,Iron Align,884400751157
795,F4G9COJ3,Iron Align,884400751157
796,S7S7T8K4,Iron Align,884400751157
797,J7W5R6CI,Iron Align,884400751157
798,B4RIL6W9,Iron Align,884400751157
799,WEY6L9CO,Iron Align,884400751157
800,W5HEN8ZO,Iron Align,884400751157
801,XALIDID2,Iron Align,884400751157
802,BIL9VADE,Iron Align,884400751157
803,HEC2N2Z5,Iron Align,884400751157
804,Q7G8H5NA,Iron Align,884400751157
805,BOBAX2XO,Iron Align,884400751157
806,P3NITAYU,Iron Align,884400751157
807,F3RAM8RO,Iron Align,884400751157
808,XOM4L4G6,Iron Align,884400751157
809,S7TEGERA,Iron Align,884400751157
810,XAM3K4YU,Iron Align,884400751157
811,Y2V4Z8H3,Iron Align,884400751157
812,C4VUR6HI,Iron Align,884400751157
813,J3M7K2Y6,Iron Align,884400751157
814,RIQOYUME,Iron Align,884400751157
815,C5L2T2WU,Iron Align,884400751157
816,Q8X4Q6X2,Iron Align,884400751157
817,G8B2J8VU,Iron Align,884400751157
818,Y5W9H4K7,Iron Align,884400751157
819,TIDIC7Q2,Iron Align,884400751157
820,BIN4HETO,Iron Align,884400751157
821,C4W5X2X2,Iron Align,884400751157
822,G6W2POXE,Iron Align,884400751157
823,M5J8H5T5,Iron Align,884400751157
824,VURUW8HA,Iron Align,884400751157
825,G7M3R5RO,Iron Align,884400751157
826,TAY5NOSU,Iron Align,884400751157
827,KAC3GELO,Iron Align,884400751157
828,C7SAZ7Z6,Iron Align,884400751157
829,XUF4ZULU,Iron Align,884400751157
830,HEGUGIGA,Iron Align,884400751157
831,J3P2W3PI,Iron Align,884400751157
832,M5KIJUP8,Iron Align,884400751157
833,S4B9B6G2,Iron Align,884400751157
834,BOFEV9T7,Iron Align,884400751157
835,M6Z4Q6DA,Iron Align,884400751157
836,Z9M2HUFE,Iron Align,884400751157
837,Q9QOFICA,Iron Align,884400751157
838,J6L7Y8R3,Iron Align,884400751157
839,DOSUY2XE,Iron Align,884400751157
840,Q7LEB7P5,Iron Align,884400751157
841,RITIRES7,Iron Align,884400751157
842,VUT9J9S3,Iron Align,884400751157
843,BOG2B5PA,Iron Align,884400751157
844,K9P8V4C2,Iron Align,884400751157
845,V2KAL5M5,Iron Align,884400751157
846,J5WIH9N6,Iron Align,884400751157
847,Y5ZAZEGU,Iron Align,884400751157
848,R2Q4Y7VE,Iron Align,884400751157
849,M9CETAG2,Iron Align,884400751157
850,BOH4COPE,Iron Align,884400751157
851,C5Q5S4S9,Iron Align,884400751157
852,G7Q2K2X9,Iron Align,884400751157
853,M6CIX7P3,Iron Align,884400751157
854,V2LURAC8,Iron Align,884400751157
855,G8G7M7ME,Iron Align,884400751157
856,TES5D2N8,Iron Align,884400751157
857,KEW3BOG7,Iron Align,884400751157
858,C8RAVOZ4,Iron Align,884400751157
859,X2Y4V3G8,Iron Align,884400751157
860,P3VAZOLE,Iron Align,884400751157
861,Q8DEQ4PO,Iron Align,884400751157
862,TAD8H2P9,Iron Align,884400751157
863,Z9QUZ7L3,Iron Align,884400751157
864,J5Y7TAY8,Iron Align,884400751157
865,TET9K7JE,Iron Align,884400751157
866,HUGEG2KI,Iron Align,884400751157
867,XUK9YOCE,Iron Align,884400751157
868,QEF3XOR4,Iron Align,884400751157
869,L5M6S3C8,Iron Align,884400751157
870,F3ZIDEYO,Iron Align,884400751157
871,G8JOTECE,Iron Align,884400751157
872,KAJAL9H7,Iron Align,884400751157
873,Q9V3Y5Y5,Iron Align,884400751157
874,Y5D9S8MA,Iron Align,884400751157
875,KEYEN5WO,Iron Align,884400751157
876,XULOF9XA,Iron Align,884400751157
877,NUP7CEQ9,Iron Align,884400751157
878,GEF5W7K2,Iron Align,884400751157
879,B5R8WAQA,Iron Align,884400751157
880,XOWADIJ9,Iron Align,884400751157
881,Y5FET3M7,Iron Align,884400751157
882,C7Z8LUM7,Iron Align,884400751157
883,J6RUD6JU,Iron Align,884400751157
884,R2V7S9W6,Iron Align,884400751157
885,C8V9N6G9,Iron Align,884400751157
886,QEHEKUHA,Iron Align,884400751157
887,GEG9CIZ5,Iron Align,884400751157
888,Y8B3BIP2,Iron Align,884400751157
889,T2JAW2Z6,Iron Align,884400751157
890,S7F8FEK3,Iron Align,884400751157
891,TIN5V2NU,Iron Align,884400751157
892,XUN6MOSU,Iron Align,884400751157
893,DOZIF5K8,Iron Align,884400751157
894,M9J5Y8XO,Iron Align,884400751157
895,X2D7P5H3,Iron Align,884400751157
896,L5Q5LOJ4,Iron Align,884400751157
897,B5T3JEBI,Iron Align,884400751157
898,T2KUCEV9,Iron Align,884400751157
899,P9W4XUBO,Iron Align,884400751157
900,ROR9G7QE,Iron Align,884400751157
901,S5ZAWEY9,Iron Align,884400751157
902,W7Z7N9Y9,Iron Align,884400751157
903,C6MOG5V3,Iron Align,884400751157
904,L2V6V4J8,Iron Align,884400751157
905,W8Q8Q5NE,Iron Align,884400751157
906,KECAM9PI,Iron Align,884400751157
907,ZEG8FEM7,Iron Align,884400751157
908,S8W2Y7B4,Iron Align,884400751157
909,N2J5YAM8,Iron Align,884400751157
910,S5BUC7TI,Iron Align,884400751157
911,TAKESEXU,Iron Align,884400751157
912,XIK8K9XA,Iron Align,884400751157
913,DEW5XUT4,Iron Align,884400751157
914,M7ZER4H9,Iron Align,884400751157
915,XOZOMUMI,Iron Align,884400751157
916,L3MED5SO,Iron Align,884400751157
917,B3L9B7L8,Iron Align,884400751157
918,TOG7V3Z5,Iron Align,884400751157
919,P7SAVAL9,Iron Align,884400751157
920,W7C2ZAKE,Iron Align,884400751157
921,XILILUSO,Iron Align,884400751157
922,BUGOCIS9,Iron Align,884400751157
923,HOX6V8K3,Iron Align,884400751157
924,Q9BIP7C8,Iron Align,884400751157
925,B2WUK8HE,Iron Align,884400751157
926,P5JIBIJI,Iron Align,884400751157
927,F5MAYUGE,Iron Align,884400751157
928,X2H8SAV4,Iron Align,884400751157
929,S9PESOG8,Iron Align,884400751157
930,C6QITEW8,Iron Align,884400751157
931,DEYOK2FA,Iron Align,884400751157
932,HOYABOF6,Iron Align,884400751157
933,NIL3T9BO,Iron Align,884400751157
934,W8T9NIP5,Iron Align,884400751157
935,HUPED9T8,Iron Align,884400751157
936,V4BOZOV9,Iron Align,884400751157
937,L4FES2S4,Iron Align,884400751157
938,DUV5REHU,Iron Align,884400751157
939,Y8HIMUS5,Iron Align,884400751157
940,L2Z9TAF3,Iron Align,884400751157
941,M7DAKUNU,Iron Align,884400751157
942,Q9D7BINU,Iron Align,884400751157
943,W8VOT4F8,Iron Align,884400751157
944,F4Y6J7XO,Iron Align,884400751157
945,QAT8D4C3,Iron Align,884400751157
946,DOGAZ8D4,Iron Align,884400751157
947,TOK8SABI,Iron Align,884400751157
948,MAF2R6Q9,Iron Align,884400751157
949,H4M5MOWO,Iron Align,884400751157
950,W8W2Q3F5,Iron Align,884400751157
951,XOF3G3N7,Iron Align,884400751157
952,B2ZOXUN3,Iron Align,884400751157
953,HUR6QAKA,Iron Align,884400751157
954,QAVIKOX6,Iron Align,884400751157
955,B3QUFAC5,Iron Align,884400751157
956,P6C3WUD6,Iron Align,884400751157
957,F6GUT3B5,Iron Align,884400751157
958,X3B8NIQE,Iron Align,884400751157
959,SAJ2J2B6,Iron Align,884400751157
960,KEK8S3B9,Iron Align,884400751157
961,L3S5J3K7,Iron Align,884400751157
962,P5N2ZUK7,Iron Align,884400751157
963,V4FISABU,Iron Align,884400751157
964,DOJ5HOP6,Iron Align,884400751157
965,P6D7CAY9,Iron Align,884400751157
966,C9V5YUZA,Iron Align,884400751157
967,S9T3R3X5,Iron Align,884400751157
968,L6PUQIM2,Iron Align,884400751157
969,GOW4L2S6,Iron Align,884400751157
970,ZEPARAP7,Iron Align,884400751157
971,B3S7HUX9,Iron Align,884400751157
972,F5S4YIX5,Iron Align,884400751157
973,L4KUR4TI,Iron Align,884400751157
974,TON7L7H4,Iron Align,884400751157
975,F6J9B4M7,Iron Align,884400751157
976,S9V7X8N8,Iron Align,884400751157
977,J9Y5VAL7,Iron Align,884400751157
978,B6TIP6ZO,Iron Align,884400751157
979,WOB6KOL8,Iron Align,884400751157
980,S8G8W2Y7,Iron Align,884400751157
981,TOP9M2H5,Iron Align,884400751157
982,X2P6DOHU,Iron Align,884400751157
983,DUBIR9YI,Iron Align,884400751157
984,MAK5LIM4,Iron Align,884400751157
985,X3F7G9W7,Iron Align,884400751157
986,L6R9XOX4,Iron Align,884400751157
987,B6V3V2V3,Iron Align,884400751157
988,T3LUPEK9,Iron Align,884400751157
989,PAX4PUQ4,Iron Align,884400751157
990,N2T6XUZU,Iron Align,884400751157
991,P7C3NUJI,Iron Align,884400751157
992,S9XOFIJ8,Iron Align,884400751157
993,Y8PAX8F6,Iron Align,884400751157
994,H4SIMESE,Iron Align,884400751157
995,SAN5H8XU,Iron Align,884400751157
996,GOZ3DIYE,Iron Align,884400751157
997,WODUWUWA,Iron Align,884400751157
998,PAY8VAL7,Iron Align,884400751157
999,K4G2QOWE,Iron Align,884400751157
1000,W8P4VUZ6,Iron Align,884400751157
